{"count":1,"gauges":{},"self":13.264002399999999,"total":13.647087599999999,"children":{"AgentSendState":{"count":669,"self":0.0300017,"total":0.0470012,"children":{"CollectObservations":{"count":1608,"self":0.0089993,"total":0.0089993,"children":null},"CollectDiscreteActionMasks":{"count":1608,"self":0.008000199999999999,"total":0.008000199999999999,"children":null}}},"DecideAction":{"count":669,"self":0.303081,"total":0.303081,"children":null},"AgentAct":{"count":669,"self":0.0320026,"total":0.0320026,"children":null}}}