{"count":1,"gauges":{},"self":31.2870656,"total":32.546323799999996,"children":{"AgentSendState":{"count":1614,"self":0.11300729999999999,"total":0.1740102,"children":{"CollectObservations":{"count":6460,"self":0.0360023,"total":0.0360023,"children":null},"CollectDiscreteActionMasks":{"count":6460,"self":0.025000599999999998,"total":0.025000599999999998,"children":null}}},"DecideAction":{"count":1614,"self":0.7142002,"total":0.9262381,"children":{"RayPerceptionSensor.Perceive":{"count":6460,"self":0.2120379,"total":0.2120379,"children":null}}},"AgentAct":{"count":1614,"self":0.1580087,"total":0.1580087,"children":null}}}