{"count":1,"gauges":{"GridWorld.CumulativeReward":{"count":320,"max":1,"min":-1,"value":0.99,"weightedAverage":0.981094956}},"self":14.873358399999999,"total":22.2941294,"children":{"AgentSendState":{"count":1104,"self":0.034013499999999995,"total":0.0430155,"children":{"CollectObservations":{"count":1098,"self":0.0009998,"total":0.0009998,"children":null},"CollectDiscreteActionMasks":{"count":1098,"self":0.0080022,"total":0.0080022,"children":null}}},"DecideAction":{"count":1104,"self":5.795096,"total":7.2987287999999992,"children":{"CameraSensor.WriteToTensor":{"count":976,"self":1.3896115,"total":1.3896115,"children":null},"RenderTextureSensor.Write":{"count":122,"self":0.11402119999999999,"total":0.11402119999999999,"children":null}}},"AgentAct":{"count":1104,"self":0.0780268,"total":0.0780268,"children":null}}}