{"count":1,"gauges":{"PushBlock.CumulativeReward":{"count":116,"max":4.9942,"min":4.9268,"value":4.978,"weightedAverage":4.98135376}},"self":10.4192696,"total":11.2044596,"children":{"AgentSendState":{"count":526,"self":0.057030199999999996,"total":0.086037599999999992,"children":{"CollectObservations":{"count":3392,"self":0.0110019,"total":0.0110019,"children":null},"CollectDiscreteActionMasks":{"count":3392,"self":0.0180055,"total":0.0180055,"children":null}}},"DecideAction":{"count":526,"self":0.48810679999999995,"total":0.6511428,"children":{"RayPerceptionSensor.Perceive":{"count":6784,"self":0.163036,"total":0.163036,"children":null}}},"AgentAct":{"count":526,"self":0.0480095,"total":0.0480095,"children":null}}}