{"count":1,"gauges":{"AgentLearning.CumulativeReward":{"count":71,"max":1.95700109,"min":0.000241980553,"value":1.93640375,"weightedAverage":1.7000668}},"self":139.9957248,"total":162.1816526,"children":{"AgentSendState":{"count":8102,"self":0.4709614,"total":0.6089719,"children":{"CollectObservations":{"count":16170,"self":0.075002699999999992,"total":0.075002699999999992,"children":null},"CollectDiscreteActionMasks":{"count":16170,"self":0.0630078,"total":0.0630078,"children":null}}},"DecideAction":{"count":8102,"self":20.005712,"total":21.1859105,"children":{"RayPerceptionSensor.Perceive":{"count":16170,"self":1.1801982,"total":1.1801982,"children":null}}},"AgentAct":{"count":8102,"self":0.39004439999999996,"total":0.39004439999999996,"children":null}}}