{"count":1,"gauges":{"Pyramids.CumulativeReward":{"count":37,"max":1.94300008,"min":1.54799354,"value":1.60039437,"weightedAverage":1.75746477}},"self":56.312864,"total":64.5716308,"children":{"AgentSendState":{"count":3163,"self":0.21302749999999998,"total":0.318042,"children":{"CollectObservations":{"count":10128,"self":0.0620075,"total":0.0620075,"children":null},"CollectDiscreteActionMasks":{"count":10128,"self":0.043007,"total":0.043007,"children":null}}},"DecideAction":{"count":3163,"self":1.2392371,"total":7.7857122,"children":{"RayPerceptionSensor.Perceive":{"count":30384,"self":6.5464752,"total":6.5464750999999994,"children":null}}},"AgentAct":{"count":3163,"self":0.15401209999999999,"total":0.15401209999999999,"children":null}}}