{"count":1,"gauges":{},"self":7.9528095999999993,"total":8.1748631,"children":{"AgentSendState":{"count":397,"self":0.1730476,"total":0.2040479,"children":{"CollectObservations":{"count":475,"self":0.0090011999999999991,"total":0.0090011999999999991,"children":null},"CollectDiscreteActionMasks":{"count":475,"self":0,"total":0,"children":null},"RayPerceptionSensor.Perceive":{"count":475,"self":0.0219991,"total":0.0219991,"children":null}}},"DecideAction":{"count":397,"self":0.0030012,"total":0.0030012,"children":null},"AgentAct":{"count":397,"self":0.014003999999999999,"total":0.014003999999999999,"children":null}}}