{"count":1,"gauges":{"Soccer.CumulativeReward":{"count":748,"max":1,"min":-1.46233857,"value":-1.04966652,"weightedAverage":-0.208884969}},"self":108.35837439999999,"total":117.5000998,"children":{"AgentSendState":{"count":5851,"self":0.64907779999999993,"total":1.1307924999999999,"children":{"CollectObservations":{"count":37472,"self":0.1670031,"total":0.1670031,"children":null},"CollectDiscreteActionMasks":{"count":37472,"self":0.1636684,"total":0.1636684,"children":null},"RayPerceptionSensor.Perceive":{"count":2342,"self":0.1510432,"total":0.1510432,"children":null}}},"DecideAction":{"count":5851,"self":4.8750272,"total":7.6306799,"children":{"RayPerceptionSensor.Perceive":{"count":72602,"self":2.7556528,"total":2.7556529,"children":null}}},"AgentAct":{"count":5851,"self":0.3782549,"total":0.3782549,"children":null},"RayPerceptionSensor.Perceive":{"count":52,"self":0.0010004999999999999,"total":0.0010004999999999999,"children":null}}}