{"count":1,"gauges":{"Tennis.CumulativeReward":{"count":140,"max":1,"min":-1,"value":-1,"weightedAverage":-0.110913321}},"self":31.313632,"total":32.8459636,"children":{"AgentSendState":{"count":1630,"self":0.20203559999999998,"total":0.33605209999999996,"children":{"CollectObservations":{"count":11736,"self":0.095012199999999991,"total":0.095012199999999991,"children":null},"CollectDiscreteActionMasks":{"count":11736,"self":0.0390043,"total":0.0390043,"children":null}}},"DecideAction":{"count":1630,"self":0.9172452,"total":0.9172452,"children":null},"AgentAct":{"count":1630,"self":0.27803249999999996,"total":0.27803249999999996,"children":null}}}