{"count":1,"gauges":{},"self":15.487368,"total":16.3905299,"children":{"AgentSendState":{"count":810,"self":0.0320027,"total":0.8831612,"children":{"CollectObservations":{"count":648,"self":0.0030009999999999998,"total":0.0030009999999999998,"children":null},"CollectDiscreteActionMasks":{"count":648,"self":0.0030007,"total":0.0030007,"children":null},"CameraSensor.GetCompressedObservation":{"count":648,"self":0.84515679999999993,"total":0.84515679999999993,"children":null}}},"DecideAction":{"count":810,"self":0.0040003999999999994,"total":0.0040003999999999994,"children":null},"AgentAct":{"count":810,"self":0.015999799999999998,"total":0.015999799999999998,"children":null}}}