{"count":1,"gauges":{"Walker.CumulativeReward":{"count":26,"max":856.0603,"min":-2.47392583,"value":581.986145,"weightedAverage":432.4048}},"self":32.915152,"total":35.3966845,"children":{"AgentSendState":{"count":2623,"self":0.1600376,"total":0.5391313,"children":{"CollectObservations":{"count":5775,"self":0.3600893,"total":0.3600893,"children":null},"CollectDiscreteActionMasks":{"count":5775,"self":0.019004399999999998,"total":0.019004399999999998,"children":null}}},"DecideAction":{"count":2623,"self":1.6983632,"total":1.6983632,"children":null},"AgentAct":{"count":2623,"self":0.2430379,"total":0.2430379,"children":null}}}