{"count":1,"gauges":{"SmallWallJump.CumulativeReward":{"count":244,"max":0.9875,"min":-1.038,"value":0.9725,"weightedAverage":0.9739256},"BigWallJump.CumulativeReward":{"count":343,"max":0.9595,"min":-1.47899556,"value":0.9545,"weightedAverage":0.9442227}},"self":44.468057599999995,"total":49.127133799999996,"children":{"AgentSendState":{"count":2422,"self":0.2471194,"total":0.4311944,"children":{"CollectObservations":{"count":11640,"self":0.1150604,"total":0.1150604,"children":null},"CollectDiscreteActionMasks":{"count":11640,"self":0.0530106,"total":0.0530106,"children":null},"RayPerceptionSensor.Perceive":{"count":970,"self":0.016004,"total":0.016004,"children":null}}},"DecideAction":{"count":2422,"self":3.3115322,"total":3.6985881999999997,"children":{"RayPerceptionSensor.Perceive":{"count":22310,"self":0.38705599999999996,"total":0.38705599999999996,"children":null}}},"AgentAct":{"count":2422,"self":0.52829249999999994,"total":0.52829249999999994,"children":{"RayPerceptionSensor.Perceive":{"count":10,"self":0,"total":0,"children":null}}},"RayPerceptionSensor.Perceive":{"count":4,"self":0,"total":0,"children":null}}}